t,node1,node2,node3
0.0,0.0006164181957064687,0.21254146519189807,0.0006164181957064687
