t,node1,node2,node3
0.0,104.38241544510112,119.17093021628581,104.38241544510112
