t,node1,node2,node3
0.0,0.002331704052680698,0.3681755184900402,0.0023317040526618644
